Layer code,Full layer name,Functional group,Purpose,ACI colour,Linetype,Lineweight (mm),Lineweight class,Plot status,Description,Recommended use,Revision
G01,ASG-OUTLINE-PRIMARY,Geometry,Primary visible outlines,7,Continuous,0.35,Heavy,Plot,"Primary visible outlines. ACI 7, Continuous, 0.35 mm",Overall frame / panel / opening outlines in elevation and plan,R1
G02,ASG-OUTLINE-SECONDARY,Geometry,Secondary visible lines,8,Continuous,0.18,Light,Plot,"Secondary visible lines. ACI 8, Continuous, 0.18 mm","Edges beyond, minor returns, internal lines",R1
G03,ASG-ALUMINIUM-PROFILE,Geometry,Aluminium profiles,7,Continuous,0.25,Medium,Plot,"Aluminium profiles. ACI 7, Continuous, 0.25 mm","Frames, mullions, transoms, sashes, beads (elevation and section)",R1
G04,ASG-GLASS,Geometry,Glass and mirror,4,Continuous,0.18,Light,Plot,"Glass and mirror. ACI 4, Continuous, 0.18 mm","Glass / mirror edges, DGU and laminate ply lines",R1
G05,ASG-STAINLESS-STEEL,Geometry,Stainless steel,7,Continuous,0.25,Medium,Plot,"Stainless steel. ACI 7, Continuous, 0.25 mm","SS fittings, spigots, channels, handrails, patch plates",R1
G06,ASG-MILD-STEEL,Geometry,Mild steel,7,Continuous,0.25,Medium,Plot,"Mild steel. ACI 7, Continuous, 0.25 mm","MS brackets, sub-frames, support steel, base plates",R1
G07,ASG-HARDWARE,Geometry,Hardware,8,Continuous,0.18,Light,Plot,"Hardware. ACI 8, Continuous, 0.18 mm","Hinges, handles, locks, rollers, closers, patch fittings",R1
G08,ASG-FIXING,Geometry,Fixings,8,Continuous,0.18,Light,Plot,"Fixings. ACI 8, Continuous, 0.18 mm","Anchors, screws, bolts, rivets, fixing brackets",R1
G09,ASG-GASKET,Geometry,Gaskets,8,Continuous,0.13,Fine,Plot,"Gaskets. ACI 8, Continuous, 0.13 mm","EPDM gaskets, brushes, setting / distance blocks",R1
G10,ASG-SEALANT,Geometry,Sealants,8,Continuous,0.13,Fine,Plot,"Sealants. ACI 8, Continuous, 0.13 mm","Structural / weather silicone, backer rod, tapes",R1
G11,ASG-INSULATION,Geometry,Insulation,252,Continuous,0.13,Fine,Plot,"Insulation. ACI 252, Continuous, 0.13 mm",Insulation and thermal breaks (plots grey),R1
G12,ASG-CLADDING,Geometry,Cladding,7,Continuous,0.25,Medium,Plot,"Cladding. ACI 7, Continuous, 0.25 mm","ACP / solid panels, flashings, copings",R1
T01,ASG-HIDDEN,Technical,Hidden geometry,8,HIDDEN2,0.18,Light,Plot,"Hidden geometry. ACI 8, HIDDEN2, 0.18 mm","Concealed edges, embedded parts",R1
T02,ASG-CENTERLINE,Technical,Centrelines,8,CENTER2,0.13,Fine,Plot,"Centrelines. ACI 8, CENTER2, 0.13 mm","Axes of symmetry, hole centres, module lines",R1
T03,ASG-CUTTING-PLANE,Technical,Cutting planes,7,PHANTOM2,0.35,Heavy,Plot,"Cutting planes. ACI 7, PHANTOM2, 0.35 mm",Section cut lines (section markers go on ASG-SYMBOL),R1
T04,ASG-SECTION-CUT,Technical,Section cut outlines,7,Continuous,0.50,Extra heavy,Plot,"Section cut outlines. ACI 7, Continuous, 0.50 mm",Outline of material cut by the section plane - heaviest geometry,R1
T05,ASG-HATCH,Technical,Section hatching,252,Continuous,0.09,Hatch,Plot,"Section hatching. ACI 252, Continuous, 0.09 mm",Pattern hatches in sections (plots grey),R1
T06,ASG-HATCH-FILL,Technical,Solid fills,251,Continuous,0.09,Hatch,Plot,"Solid fills. ACI 251, Continuous, 0.09 mm",Solid fill of thin aluminium / steel walls (plots dark grey),R1
T07,ASG-SETOUT,Technical,Setting-out geometry (plotted),8,DASHDOT2,0.13,Fine,Plot,"Setting-out geometry (plotted). ACI 8, DASHDOT2, 0.13 mm","Opening lines, setting-out lines that must print",R1
T08,ASG-REFERENCE,Technical,Reference geometry,253,Continuous,0.13,Fine,Plot,"Reference geometry. ACI 253, Continuous, 0.13 mm","Architectural / structural background, xrefs (plots light grey)",R1
T09,ASG-CONSTRUCTION,Technical,Construction geometry (NOT plotted),6,Continuous,0.00,Non-plot,NO PLOT,"Construction geometry (NOT plotted). ACI 6, Continuous, 0.00 mm",Temporary helper lines only - never final geometry,R1
A01,ASG-DIMENSION,Annotation,Dimensions,3,Continuous,0.13,Fine,Plot,"Dimensions. ACI 3, Continuous, 0.13 mm",All dimensions,R1
A02,ASG-TEXT,Annotation,General text,7,Continuous,0.18,Light,Plot,"General text. ACI 7, Continuous, 0.18 mm","Labels, view titles",R1
A03,ASG-TEXT-NOTE,Annotation,Notes,7,Continuous,0.18,Light,Plot,"Notes. ACI 7, Continuous, 0.18 mm",General and specification notes,R1
A04,ASG-MULTILEADER,Annotation,Multileaders,3,Continuous,0.13,Fine,Plot,"Multileaders. ACI 3, Continuous, 0.13 mm",Callouts and material labels,R1
A05,ASG-TABLE,Annotation,Tables,7,Continuous,0.18,Light,Plot,"Tables. ACI 7, Continuous, 0.18 mm","Schedules, registers, note tables",R1
A06,ASG-LEVEL,Annotation,Levels,3,Continuous,0.13,Fine,Plot,"Levels. ACI 3, Continuous, 0.13 mm",FFL / SSL / sill / head level markers,R1
A07,ASG-GRID,Annotation,Grids,8,CENTER,0.13,Fine,Plot,"Grids. ACI 8, CENTER, 0.13 mm",Structural / architectural grid lines and bubbles,R1
A08,ASG-REVISION,Annotation,Revision clouds,1,Continuous,0.25,Medium,Plot,"Revision clouds. ACI 1, Continuous, 0.25 mm",Revision clouds and delta tags,R1
A09,ASG-SYMBOL,Annotation,Drafting symbols,3,Continuous,0.25,Medium,Plot,"Drafting symbols. ACI 3, Continuous, 0.25 mm","Section / detail / elevation marks, north arrow",R1
S01,ASG-BORDER,Sheet,Sheet borders,7,Continuous,0.50,Extra heavy,Plot,"Sheet borders. ACI 7, Continuous, 0.50 mm",Border frame in layouts,R1
S02,ASG-TITLEBLOCK,Sheet,Title blocks,7,Continuous,0.25,Medium,Plot,"Title blocks. ACI 7, Continuous, 0.25 mm",Title block insert and attributes,R1
S03,ASG-VIEWPORT,Sheet,Viewports (NOT plotted),6,Continuous,0.00,Non-plot,NO PLOT,"Viewports (NOT plotted). ACI 6, Continuous, 0.00 mm",All layout viewports,R1
S04,ASG-NOPLOT,Sheet,Non-plot objects,6,Continuous,0.00,Non-plot,NO PLOT,"Non-plot objects. ACI 6, Continuous, 0.00 mm",Internal markups and reminders - never printed,R1
